tvg_id,epg_id_matched,source,duplicate_sources
24HourFreeMovies.us@SD,24HourFreeMovies.us@SD,grabber-raw-guide.xml.gz,
3ABNEnglish.us@SD,3ABNEnglish.us@SD,grabber-raw-guide.xml.gz,
3ABNLatino.us@SD,3ABNLatino.us@SD,grabber-raw-guide.xml.gz,
48Hours.us@US,48Hours.us@US,grabber-raw-guide.xml.gz,
50CentAction.us@SD,50CentAction.us@SD,grabber-raw-guide.xml.gz,
70sCinema.us@SD,70sCinema.us@SD,grabber-raw-guide.xml.gz,
80sRewind.us@SD,80sRewind.us@SD,grabber-raw-guide.xml.gz,
90sThrowback.us@SD,90sThrowback.us@SD,grabber-raw-guide.xml.gz,
ABC.us@East,ABC.us@East,grabber-raw-guide.xml.gz,
AcapulcoShore.us@US,AcapulcoShore.us@US,grabber-raw-guide.xml.gz,
ACCDigitalNetwork.us@SD,ACCDigitalNetwork.us@SD,grabber-raw-guide.xml.gz,
ACCNetwork.us@SD,ACCNetwork.us@SD,grabber-raw-guide.xml.gz,
AccuWeatherNOW.us@SD,AccuWeatherNOW.us@SD,grabber-raw-guide.xml.gz,
AdrenalinaPuraTV.us@SD,AdrenalinaPuraTV.us@SD,grabber-raw-guide.xml.gz,
AE.us@East,AE.us@East,grabber-raw-guide.xml.gz,
AfroLandTV.us@SD,AfroLandTV.us@SD,grabber-raw-guide.xml.gz,
AlientoVision.us@SD,AlientoVision.us@SD,grabber-raw-guide.xml.gz,
ALLBLKGems.us@SD,ALLBLKGems.us@SD,grabber-raw-guide.xml.gz,
AllRealitybyWEtv.us@SD,AllRealitybyWEtv.us@SD,grabber-raw-guide.xml.gz,
AllWeddingsWEtv.us@SD,AllWeddingsWEtv.us@SD,grabber-raw-guide.xml.gz,
AlwaysFunnyVideos.us@SD,AlwaysFunnyVideos.us@SD,grabber-raw-guide.xml.gz,
AMC.us@East,AMC.us@East,grabber-raw-guide.xml.gz,
AMC.us@EastHD,AMC.us@EastHD,grabber-raw-guide.xml.gz,
AMCenEspanol.us@SD,AMCenEspanol.us@SD,grabber-raw-guide.xml.gz,
AmericasTestKitchen.us@SD,AmericasTestKitchen.us@SD,grabber-raw-guide.xml.gz,
AmericasVoice.us@SD,AmericasVoice.us@SD,grabber-raw-guide.xml.gz,
AmericasVoiceNews.us@SD,AmericasVoiceNews.us@SD,grabber-raw-guide.xml.gz,
AMP2.us@SD,AMP2.us@SD,grabber-raw-guide.xml.gz,
AngerManagementChannel.us@SD,AngerManagementChannel.us@SD,grabber-raw-guide.xml.gz,
AnimationPlus.us@SD,AnimationPlus.us@SD,grabber-raw-guide.xml.gz,
AnimexHIDIVE.us@SD,AnimexHIDIVE.us@SD,grabber-raw-guide.xml.gz,
AntiquesRoadshowUK.us@SD,AntiquesRoadshowUK.us@SD,grabber-raw-guide.xml.gz,
AntiquesRoadTrip.us@SD,AntiquesRoadTrip.us@SD,grabber-raw-guide.xml.gz,
AreWeThereYet.us@SD,AreWeThereYet.us@SD,grabber-raw-guide.xml.gz,
AsianCrush.us@SD,AsianCrush.us@SD,grabber-raw-guide.xml.gz,
AtHomewithFamilyHandyman.us@SD,AtHomewithFamilyHandyman.us@SD,grabber-raw-guide.xml.gz,
AutenticHistory.de@SD,AutenticHistory.de@SD,grabber-raw-guide.xml.gz,
AutenticTravel.de@SD,AutenticTravel.de@SD,grabber-raw-guide.xml.gz,
BabyFirst.us@US,BabyFirst.us@US,grabber-raw-guide.xml.gz,
BabySharkTV.us@SD,BabySharkTV.us@SD,grabber-raw-guide.xml.gz,
Backstage.us@SD,Backstage.us@SD,grabber-raw-guide.xml.gz,
BarRescue.us@SD,BarRescue.us@SD,grabber-raw-guide.xml.gz,
Baywatch.us@US,Baywatch.us@US,grabber-raw-guide.xml.gz,
BBCAmerica.us@EastHD,BBCAmerica.us@East,grabber-raw-guide.xml.gz,
BBCEarth.uk@US,BBCEarth.uk@US,grabber-raw-guide.xml.gz,
BBCFood.us@SD,BBCFood.us@SD,grabber-raw-guide.xml.gz,
BBCHomeGarden.us@SD,BBCHomeGarden.us@SD,grabber-raw-guide.xml.gz,
beINSportsenEspanol.qa@SD,beINSportsenEspanol.qa@SD,grabber-raw-guide.xml.gz,
beINSportsUSA.us@SD,beINSportsUSA.us@SD,grabber-raw-guide.xml.gz,
beINSPORTSXTRA.us@SD,beINSPORTSXTRA.us@SD,grabber-raw-guide.xml.gz,
beINSPORTSXTRAenEspanol.us@SD,beINSPORTSXTRAenEspanol.us@SD,grabber-raw-guide.xml.gz,
BellatorMMA.us@SD,BellatorMMA.us@SD,grabber-raw-guide.xml.gz,
BestofDrPhil.us@SD,BestofDrPhil.us@SD,grabber-raw-guide.xml.gz,
BET.us@East,BET.us@East,grabber-raw-guide.xml.gz,
BETClassicsPlutoTV.us@SD,BETClassicsPlutoTV.us@SD,grabber-raw-guide.xml.gz,
BETGospel.us@SD,BETGospel.us@SD,grabber-raw-guide.xml.gz,
BETHer.us@East,BETHer.us@East,grabber-raw-guide.xml.gz,
BETJams.us@SD,BETJams.us@SD,grabber-raw-guide.xml.gz,
BETPlutoTV.us@US,BETPlutoTV.us@US,grabber-raw-guide.xml.gz,
BETSoul.us@SD,BETSoul.us@SD,grabber-raw-guide.xml.gz,
BeverlyHillbillies.us@US,BeverlyHillbillies.us@US,grabber-raw-guide.xml.gz,
BeverlyHills90210.us@SD,BeverlyHills90210.us@SD,grabber-raw-guide.xml.gz,
BigTenNetwork.us@SD,BigTenNetwork.us@SD,grabber-raw-guide.xml.gz,
BilliardTV.us@SD,BilliardTV.us@SD,grabber-raw-guide.xml.gz,
BlackInkCrew.us@SD,BlackInkCrew.us@SD,grabber-raw-guide.xml.gz,
BlazeLive.us@SD,BlazeLive.us@SD,grabber-raw-guide.xml.gz,
BloombergOriginals.us@SD,BloombergOriginals.us@SD,grabber-raw-guide.xml.gz,
BloombergOriginals.us@US,BloombergOriginals.us@US,grabber-raw-guide.xml.gz,
BloombergTV.us@PoliticsLiveEvent,BloombergTV.us@LiveEvent,grabber-raw-guide.xml.gz,
BlueBloods.us@SD,BlueBloods.us@SD,grabber-raw-guide.xml.gz,
bonappetit.us@SD,bonappetit.us@SD,grabber-raw-guide.xml.gz,
Bounce.us@SD,Bounce.us@SD,grabber-raw-guide.xml.gz,
BounceXL.us@SD,BounceXL.us@SD,grabber-raw-guide.xml.gz,
BratTV.us@SD,BratTV.us@SD,grabber-raw-guide.xml.gz,
Bravo.us@East,Bravo.us@East,grabber-raw-guide.xml.gz,
Bravo.us@West,Bravo.us@West,grabber-raw-guide.xml.gz,
BritBoxMysteries.us@SD,BritBoxMysteries.us@SD,grabber-raw-guide.xml.gz,
BusinessRockstars.us@SD,BusinessRockstars.us@SD,grabber-raw-guide.xml.gz,
Buzzr.us@SD,Buzzr.us@SD,grabber-raw-guide.xml.gz,
BYUTV.us@SD,BYUTV.us@SD,grabber-raw-guide.xml.gz,
CampSpoopy.us@SD,CampSpoopy.us@SD,grabber-raw-guide.xml.gz,
CBS.us@East,CBS.us@East,grabber-raw-guide.xml.gz,
CBS.us@West,CBS.us@West,grabber-raw-guide.xml.gz,
CBSNews247.us@SD,CBSNews247.us@SD,grabber-raw-guide.xml.gz,
CBSNewsBaltimore.us@SD,CBSNewsBaltimore.us@SD,grabber-raw-guide.xml.gz,
CBSNewsBayArea.us@SD,CBSNewsBayArea.us@SD,grabber-raw-guide.xml.gz,
CBSNewsBoston.us@SD,CBSNewsBoston.us@SD,grabber-raw-guide.xml.gz,
CBSNewsChicago.us@SD,CBSNewsChicago.us@SD,grabber-raw-guide.xml.gz,
CBSNewsColorado.us@SD,CBSNewsColorado.us@SD,grabber-raw-guide.xml.gz,
CBSNewsDetroit.us@SD,CBSNewsDetroit.us@SD,grabber-raw-guide.xml.gz,
CBSNewsLosAngeles.us@SD,CBSNewsLosAngeles.us@SD,grabber-raw-guide.xml.gz,
CBSNewsMiami.us@SD,CBSNewsMiami.us@SD,grabber-raw-guide.xml.gz,
CBSNewsMinnesota.us@SD,CBSNewsMinnesota.us@SD,grabber-raw-guide.xml.gz,
CBSNewsNewYork.us@SD,CBSNewsNewYork.us@SD,grabber-raw-guide.xml.gz,
CBSNewsPhilly.us@SD,CBSNewsPhilly.us@SD,grabber-raw-guide.xml.gz,
CBSNewsPittsburgh.us@SD,CBSNewsPittsburgh.us@SD,grabber-raw-guide.xml.gz,
CBSNewsSacramento.us@SD,CBSNewsSacramento.us@SD,grabber-raw-guide.xml.gz,
CBSSportsGolazoNetwork.us@SD,CBSSportsGolazoNetwork.us@SD,grabber-raw-guide.xml.gz,
CBSSportsHQ.us@SD,CBSSportsHQ.us@SD,grabber-raw-guide.xml.gz,
CBSSportsNetworkUSA.us@SD,CBSSportsNetworkUSA.us@SD,grabber-raw-guide.xml.gz,
CelebrityNameGame.us@SD,CelebrityNameGame.us@SD,grabber-raw-guide.xml.gz,
Charge.us@SD,Charge.us@SD,grabber-raw-guide.xml.gz,
CheddarNews.us@SD,CheddarNews.us@SD,grabber-raw-guide.xml.gz,
Choppertown.us@SD,Choppertown.us@SD,grabber-raw-guide.xml.gz,
CineAdrenalina.us@SD,CineAdrenalina.us@SD,grabber-raw-guide.xml.gz,
CineAmor.us@SD,CineAmor.us@SD,grabber-raw-guide.xml.gz,
CinePremiere.us@SD,CinePremiere.us@SD,grabber-raw-guide.xml.gz,
CinePride.us@SD,CinePride.us@SD,grabber-raw-guide.xml.gz,
CineRomantico.us@SD,CineRomantico.us@SD,grabber-raw-guide.xml.gz,
CineSony.us@SD,CineSony.us@SD,grabber-raw-guide.xml.gz,
CineTerror.us@US,CineTerror.us@US,grabber-raw-guide.xml.gz,
Cinevault80s.us@SD,Cinevault80s.us@SD,grabber-raw-guide.xml.gz,
CinevaultWesterns.us@SD,CinevaultWesterns.us@SD,grabber-raw-guide.xml.gz,
Circle.us@SD,Circle.us@SD,grabber-raw-guide.xml.gz,
Clarity4K.us@SD,Clarity4K.us@SD,grabber-raw-guide.xml.gz,
Classica.us@SD,Classica.us@SD,grabber-raw-guide.xml.gz,
ClassicMoviesChannel.us@SD,ClassicMoviesChannel.us@SD,grabber-raw-guide.xml.gz,
ClassicTVComedy.us@SD,ClassicTVComedy.us@SD,grabber-raw-guide.xml.gz,
ClassicTVDrama.us@SD,ClassicTVDrama.us@SD,grabber-raw-guide.xml.gz,
ClassicTVFamilies.us@US,ClassicTVFamilies.us@US,grabber-raw-guide.xml.gz,
CMT.us@East,CMT.us@East,grabber-raw-guide.xml.gz,
CMTEqualPlay.us@SD,CMTEqualPlay.us@SD,grabber-raw-guide.xml.gz,
CNBC.us@SD,CNBC.us@SD,grabber-raw-guide.xml.gz,
ColdCaseFiles.us@SD,ColdCaseFiles.us@SD,grabber-raw-guide.xml.gz,
ComedyCentral.us@East,ComedyCentral.us@East,grabber-raw-guide.xml.gz,
ComedyCentralenEspanol.us@SD,ComedyCentralenEspanol.us@SD,grabber-raw-guide.xml.gz,
ComedyCentralPlutoTV.us@US,ComedyCentralPlutoTV.us@US,grabber-raw-guide.xml.gz,
ComedyDynamics.us@SD,ComedyDynamics.us@SD,grabber-raw-guide.xml.gz,
Comet.us@SD,Comet.us@SD,grabber-raw-guide.xml.gz,
ConcertChannel.us@SD,ConcertChannel.us@SD,grabber-raw-guide.xml.gz,
CookingPanda.us@SD,CookingPanda.us@SD,grabber-raw-guide.xml.gz,
Cops.us@SD,Cops.us@SD,grabber-raw-guide.xml.gz,
CourtTV.us@SD,CourtTV.us@SD,grabber-raw-guide.xml.gz,
CoziTV.us@SD,CoziTV.us@SD,grabber-raw-guide.xml.gz,
Crime360.us@SD,Crime360.us@SD,grabber-raw-guide.xml.gz,
CrimenesImperfectos.us@SD,CrimenesImperfectos.us@SD,grabber-raw-guide.xml.gz,
CrimePlusInvestigation.us@SD,CrimePlusInvestigation.us@SD,grabber-raw-guide.xml.gz,
Crunchyroll.us@SD,Crunchyroll.us@SD,grabber-raw-guide.xml.gz,
CSI.us@SD,CSI.us@SD,grabber-raw-guide.xml.gz,
CSIenespanol.us@SD,CSIenespanol.us@SD,grabber-raw-guide.xml.gz,
CSPAN.us@SD,CSPAN.us@SD,grabber-raw-guide.xml.gz,
CuriosityNOW.de@EN,CuriosityNOW.de@EN,grabber-raw-guide.xml.gz,
DangerTV.us@SD,DangerTV.us@SD,grabber-raw-guide.xml.gz,
DarkMatterTV.us@SD,DarkMatterTV.us@SD,grabber-raw-guide.xml.gz,
Dateline247.us@SD,Dateline247.us@SD,grabber-raw-guide.xml.gz,
DaystarTV.us@SD,DaystarTV.us@SD,grabber-raw-guide.xml.gz,
DaystarTVEspanol.us@SD,DaystarTVEspanol.us@SD,grabber-raw-guide.xml.gz,
DealorNoDeal.us@SD,DealorNoDeal.us@SD,grabber-raw-guide.xml.gz,
Degrassi.us@US,Degrassi.us@US,grabber-raw-guide.xml.gz,
DesignatedSurvivor.us@SD,DesignatedSurvivor.us@SD,grabber-raw-guide.xml.gz,
DisneyChannel.us@East,DisneyChannel.us@East,grabber-raw-guide.xml.gz,
DisneyJunior.us@East,DisneyJunior.us@East,grabber-raw-guide.xml.gz,
DisneyJunior.us@West,DisneyJunior.us@West,grabber-raw-guide.xml.gz,
DisneyXD.us@East,DisneyXD.us@East,grabber-raw-guide.xml.gz,
DisneyXD.us@West,DisneyXD.us@West,grabber-raw-guide.xml.gz,
DoctorWhoClassic.us@US,DoctorWhoClassic.us@US,grabber-raw-guide.xml.gz,
DocumentaryPlus.us@US,DocumentaryPlus.us@US,grabber-raw-guide.xml.gz,
DogtheBountyHunter.us@US,DogtheBountyHunter.us@US,grabber-raw-guide.xml.gz,
DogTV.us@SD,DogTV.us@SD,grabber-raw-guide.xml.gz,
DontTellTheBride.uk@SD,DontTellTheBride.uk@SD,grabber-raw-guide.xml.gz,
DoveChannel.us@SD,DoveChannel.us@SD,grabber-raw-guide.xml.gz,
DraftKingsNetwork.us@SD,DraftKingsNetwork.us@SD,grabber-raw-guide.xml.gz,
DryBarComedyPlus.us@SD,DryBarComedyPlus.us@SD,grabber-raw-guide.xml.gz,
DungeonTV.us@SD,DungeonTV.us@SD,grabber-raw-guide.xml.gz,
E.us@East,E.us@East,grabber-raw-guide.xml.gz,
E.us@West,E.us@West,grabber-raw-guide.xml.gz,
EbonyTVbyLionsgate.us@SD,EbonyTVbyLionsgate.us@SD,grabber-raw-guide.xml.gz,
EKeepingUp.us@SD,EKeepingUp.us@SD,grabber-raw-guide.xml.gz,
ElectricNow.us@SD,ElectricNow.us@SD,grabber-raw-guide.xml.gz,
EntertainmentTonight.us@SD,EntertainmentTonight.us@SD,grabber-raw-guide.xml.gz,
ESPNDeportes.us@SD,ESPNDeportes.us@SD,grabber-raw-guide.xml.gz,
ESPNews.us@SD,ESPNews.us@SD,grabber-raw-guide.xml.gz,
ESPNU.us@SD,ESPNU.us@SD,grabber-raw-guide.xml.gz,
EstrellaGames.us@SD,EstrellaGames.us@SD,grabber-raw-guide.xml.gz,
EstrellaNews.us@SD,EstrellaNews.us@SD,grabber-raw-guide.xml.gz,
EstrellaTV.us@SD,EstrellaTV.us@SD,grabber-raw-guide.xml.gz,
EWTN.us@English,EWTN.us@English,grabber-raw-guide.xml.gz,
F1Channel.ie@US,F1Channel.ie@US,grabber-raw-guide.xml.gz,
FailArmy.us@US,FailArmy.us@US,grabber-raw-guide.xml.gz,
FamilyTies.us@SD,FamilyTies.us@SD,grabber-raw-guide.xml.gz,
FanDuelRacing.us@SD,FanDuelRacing.us@SD,grabber-raw-guide.xml.gz,
FanDuelTV.us@SD,FanDuelTV.us@SD,grabber-raw-guide.xml.gz,
Farscape.us@SD,Farscape.us@SD,grabber-raw-guide.xml.gz,
FastTV.us@SD,FastTV.us@SD,grabber-raw-guide.xml.gz,
FearFactor.us@US,FearFactor.us@US,grabber-raw-guide.xml.gz,
FIFAPlus.uk@UnitedStates,FIFAPlus.uk@UnitedStates,grabber-raw-guide.xml.gz,
FilmRiseAnime.us@SD,FilmRiseAnime.us@SD,grabber-raw-guide.xml.gz,
FilmRiseClassicTV.us@SD,FilmRiseClassicTV.us@SD,grabber-raw-guide.xml.gz,
FilmRiseForensicFiles.us@SD,FilmRiseForensicFiles.us@SD,grabber-raw-guide.xml.gz,
FilmRiseWestern.us@SD,FilmRiseWestern.us@SD,grabber-raw-guide.xml.gz,
FlicksofFury.us@SD,FlicksofFury.us@SD,grabber-raw-guide.xml.gz,
Flix.us@East,Flix.us@East,grabber-raw-guide.xml.gz,
ForensicFiles.us@SD,ForensicFiles.us@SD,grabber-raw-guide.xml.gz,
ForeverKids.us@SD,ForeverKids.us@SD,grabber-raw-guide.xml.gz,
Fox.us@East,Fox.us@East,grabber-raw-guide.xml.gz,
Fox.us@West,Fox.us@West,grabber-raw-guide.xml.gz,
FoxBusinessNetwork.us@SD,FoxBusinessNetwork.us@SD,grabber-raw-guide.xml.gz,
FoxDeportes.us@SD,FoxDeportes.us@SD,grabber-raw-guide.xml.gz,
FoxNewsChannel.us@SD,FoxNewsChannel.us@SD,grabber-raw-guide.xml.gz,
FoxSoccerPlus.us@SD,FoxSoccerPlus.us@SD,grabber-raw-guide.xml.gz,
FoxSoul.us@SD,FoxSoul.us@SD,grabber-raw-guide.xml.gz,
FoxSports1.us@HD,FoxSports1.us@HD,grabber-raw-guide.xml.gz,
FoxSports2.us@HD,FoxSports2.us@HD,grabber-raw-guide.xml.gz,
FoxWeather.us@SD,FoxWeather.us@SD,grabber-raw-guide.xml.gz,
Freeform.us@East,Freeform.us@East,grabber-raw-guide.xml.gz,
FrightFlix.us@SD,FrightFlix.us@SD,grabber-raw-guide.xml.gz,
FTFSports.us@SD,FTFSports.us@SD,grabber-raw-guide.xml.gz,
FuboSportsNetwork.us@SD,FuboSportsNetwork.us@SD,grabber-raw-guide.xml.gz,
FunnyAF.us@SD,FunnyAF.us@SD,grabber-raw-guide.xml.gz,
Fuse.us@East,Fuse.us@East,grabber-raw-guide.xml.gz,
FX.us@East,FX.us@East,grabber-raw-guide.xml.gz,
FXM.us@East,FXM.us@East,grabber-raw-guide.xml.gz,
FXMovieChannel.us@SD,FXMovieChannel.us@SD,grabber-raw-guide.xml.gz,
FXX.us@East,FXX.us@East,grabber-raw-guide.xml.gz,
FYI.us@West,FYI.us@East,grabber-raw-guide.xml.gz,
GalxyTV.us@SD,GalxyTV.us@SD,grabber-raw-guide.xml.gz,
GameShowCentral.us@SD,GameShowCentral.us@SD,grabber-raw-guide.xml.gz,
GameShowNetwork.us@East,GameShowNetwork.us@East,grabber-raw-guide.xml.gz,
GarfieldandFriends.us@US,GarfieldandFriends.us@US,grabber-raw-guide.xml.gz,
GirlfriendsFilms.us@SD,GirlfriendsFilms.us@SD,grabber-raw-guide.xml.gz,
GolfChannel.us@SD,GolfChannel.us@SD,grabber-raw-guide.xml.gz,
GordonRamsaysHellsKitchen.us@SD,GordonRamsaysHellsKitchen.us@SD,grabber-raw-guide.xml.gz,
GoTraveler.us@SD,GoTraveler.us@SD,grabber-raw-guide.xml.gz,
GoUSATV.us@SD,GoUSATV.us@SD,grabber-raw-guide.xml.gz,
GravitasMovies.us@SD,GravitasMovies.us@SD,grabber-raw-guide.xml.gz,
GreatAmericanFamily.us@SD,GreatAmericanFamily.us@SD,grabber-raw-guide.xml.gz,
Grit.us@SD,Grit.us@SD,grabber-raw-guide.xml.gz,
GritXtra.us@SD,GritXtra.us@SD,grabber-raw-guide.xml.gz,
GrjngoWesternMovies.de@SD,GrjngoWesternMovies.de@SD,grabber-raw-guide.xml.gz,
Gunsmoke.us@SD,Gunsmoke.us@SD,grabber-raw-guide.xml.gz,
HallmarkChannel.us@East,HallmarkChannel.us@East,grabber-raw-guide.xml.gz,
HallmarkFamily.us@SD,HallmarkFamily.us@SD,grabber-raw-guide.xml.gz,
HallmarkMoviesMore.us@SD,HallmarkMoviesMore.us@SD,grabber-raw-guide.xml.gz,
HappyDays.us@SD,HappyDays.us@SD,grabber-raw-guide.xml.gz,
HauntTV.ca@SD,HauntTV.ca@SD,grabber-raw-guide.xml.gz,
Heartland.us@Web,Heartland.us@Web,grabber-raw-guide.xml.gz,
History.us@East,History.us@East,grabber-raw-guide.xml.gz,
HistoryHit.uk@SD,HistoryHit.uk@SD,grabber-raw-guide.xml.gz,
HiYAH.us@SD,HiYAH.us@SD,grabber-raw-guide.xml.gz,
HollyWire.us@SD,HollyWire.us@SD,grabber-raw-guide.xml.gz,
Homeful.ca@US,Homeful.ca@US,grabber-raw-guide.xml.gz,
HomeMadeNation.us@SD,HomeMadeNation.us@SD,grabber-raw-guide.xml.gz,
HopeChannelNorthAmerica.us@SD,HopeChannelNorthAmerica.us@SD,grabber-raw-guide.xml.gz,
HSN.us@East,HSN.us@East,grabber-raw-guide.xml.gz,
HSN2.us@SD,HSN2.us@SD,grabber-raw-guide.xml.gz,
HumorMill.us@SD,HumorMill.us@SD,grabber-raw-guide.xml.gz,
Hungry.us@SD,Hungry.us@SD,grabber-raw-guide.xml.gz,
iCarly.us@SD,iCarly.us@SD,grabber-raw-guide.xml.gz,
IFC.us@East,IFC.us@East,grabber-raw-guide.xml.gz,
ImpossibleQuizShow.us@SD,ImpossibleQuizShow.us@SD,grabber-raw-guide.xml.gz,
INFAST.nl@SD,INFAST.nl@SD,grabber-raw-guide.xml.gz,
InkMaster.us@SD,InkMaster.us@SD,grabber-raw-guide.xml.gz,
InstantSaga.us@US,InstantSaga.us@US,grabber-raw-guide.xml.gz,
Investiga.us@US,Investiga.us@US,grabber-raw-guide.xml.gz,
INWILD.nl@SD,INWILD.nl@SD,grabber-raw-guide.xml.gz,
IONTV.us@East,IONTV.us@East,grabber-raw-guide.xml.gz,
IronChef.us@US,IronChef.us@US,grabber-raw-guide.xml.gz,
JerseyShore.us@SD,JerseyShore.us@SD,grabber-raw-guide.xml.gz,
JewelryTV.us@SD,JewelryTV.us@SD,grabber-raw-guide.xml.gz,
JewishLifeTelevision.us@SD,JewishLifeTelevision.us@SD,grabber-raw-guide.xml.gz,
JohnnyCarsonTV.us@SD,JohnnyCarsonTV.us@SD,grabber-raw-guide.xml.gz,
Journy.us@SD,Journy.us@SD,grabber-raw-guide.xml.gz,
JudgeNosey.us@US,JudgeNosey.us@US,grabber-raw-guide.xml.gz,
JustforLaughsGags.us@SD,JustforLaughsGags.us@SD,grabber-raw-guide.xml.gz,
KAAL61.us@HD,KAAL61.us@HD,grabber-raw-guide.xml.gz,
KADNTV151.us@HD,KADNTV151.us@HD,grabber-raw-guide.xml.gz,
KartoonChannel.us@SD,KartoonChannel.us@SD,grabber-raw-guide.xml.gz,
KATC31.us@HD,KATC31.us@HD,grabber-raw-guide.xml.gz,
KATU321.us@HD,KATU321.us@HD,grabber-raw-guide.xml.gz,
KBSI231.us@HD,KBSI231.us@HD,grabber-raw-guide.xml.gz,
KCCI81.us@HD,KCCI81.us@HD,grabber-raw-guide.xml.gz,
KCPQ131.us@HD,KCPQ131.us@HD,grabber-raw-guide.xml.gz,
KCRATV581.us@HD,KCRATV581.us@HD,grabber-raw-guide.xml.gz,
KDBCTV41.us@HD,KDBCTV41.us@HD,grabber-raw-guide.xml.gz,
KDFW41.us@HD,KDFW41.us@HD,grabber-raw-guide.xml.gz,
KDVR311.us@HD,KDVR311.us@HD,grabber-raw-guide.xml.gz,
KEROTV231.us@HD,KEROTV231.us@HD,grabber-raw-guide.xml.gz,
KETS21.us@HD,KETS21.us@HD,grabber-raw-guide.xml.gz,
KevinHartsLOLNetwork.us@SD,KevinHartsLOLNetwork.us@SD,grabber-raw-guide.xml.gz,
KEYETV421.us@HD,KEYETV421.us@HD,grabber-raw-guide.xml.gz,
KFTRDT461.us@HD,KFTRDT461.us@HD,grabber-raw-guide.xml.gz,
KGTV101.us@HD,KGTV101.us@HD,grabber-raw-guide.xml.gz,
KGUNTV91.us@HD,KGUNTV91.us@HD,grabber-raw-guide.xml.gz,
KHET111.us@HD,KHET111.us@HD,grabber-raw-guide.xml.gz,
KidsFlix.us@SD,KidsFlix.us@SD,grabber-raw-guide.xml.gz,
KIROTV71.us@HD,KIROTV71.us@HD,grabber-raw-guide.xml.gz,
KITV41.us@HD,KITV41.us@HD,grabber-raw-guide.xml.gz,
KLFYTV101.us@HD,KLFYTV101.us@HD,grabber-raw-guide.xml.gz,
KMEXDT341.us@HD,KMEXDT341.us@HD,grabber-raw-guide.xml.gz,
KMGHTV71.us@HD,KMGHTV71.us@HD,grabber-raw-guide.xml.gz,
KMOSTV61.us@HD,KMOSTV61.us@HD,grabber-raw-guide.xml.gz,
KMPHTV261.us@HD,KMPHTV261.us@HD,grabber-raw-guide.xml.gz,
KMSPDT1.us@SD,KMSPDT1.us@SD,grabber-raw-guide.xml.gz,
KMTVTV31.us@HD,KMTVTV31.us@HD,grabber-raw-guide.xml.gz,
KNSD481.us@HD,KNSD481.us@HD,grabber-raw-guide.xml.gz,
KNTV111.us@HD,KNTV111.us@HD,grabber-raw-guide.xml.gz,
KNXVTV611.us@HD,KNXVTV611.us@HD,grabber-raw-guide.xml.gz,
KOATTV71.us@HD,KOATTV71.us@HD,grabber-raw-guide.xml.gz,
KOBDT1.us@SD,KOBDT1.us@SD,grabber-raw-guide.xml.gz,
KOKHTV251.us@HD,KOKHTV251.us@HD,grabber-raw-guide.xml.gz,
KOKITV231.us@HD,KOKITV231.us@HD,grabber-raw-guide.xml.gz,
KOMOTV511.us@HD,KOMOTV511.us@HD,grabber-raw-guide.xml.gz,
KRGVTV51.us@HD,KRGVTV51.us@HD,grabber-raw-guide.xml.gz,
KRISTV61.us@HD,KRISTV61.us@HD,grabber-raw-guide.xml.gz,
KRIV261.us@HD,KRIV261.us@HD,grabber-raw-guide.xml.gz,
KSAZTV101.us@HD,KSAZTV101.us@HD,grabber-raw-guide.xml.gz,
KSBW81.us@HD,KSBW81.us@HD,grabber-raw-guide.xml.gz,
KSBY61.us@HD,KSBY61.us@HD,grabber-raw-guide.xml.gz,
KSHBTV411.us@HD,KSHBTV411.us@HD,grabber-raw-guide.xml.gz,
KSNV31.us@HD,KSNV31.us@HD,grabber-raw-guide.xml.gz,
KSTPTV51.us@HD,KSTPTV51.us@HD,grabber-raw-guide.xml.gz,
KTBC71.us@HD,KTBC71.us@HD,grabber-raw-guide.xml.gz,
KTNVTV331.us@HD,KTNVTV331.us@HD,grabber-raw-guide.xml.gz,
KTTV111.us@HD,KTTV111.us@HD,grabber-raw-guide.xml.gz,
KTVU41.us@HD,KTVU41.us@HD,grabber-raw-guide.xml.gz,
KUONTV121.us@HD,KUONTV121.us@HD,grabber-raw-guide.xml.gz,
KUTV21.us@HD,KUTV21.us@HD,grabber-raw-guide.xml.gz,
KUVNDT491.us@HD,KUVNDT491.us@HD,grabber-raw-guide.xml.gz,
KWTVDT91.us@HD,KWTVDT91.us@HD,grabber-raw-guide.xml.gz,
KXASTV51.us@HD,KXASTV51.us@HD,grabber-raw-guide.xml.gz,
KXXV251.us@HD,KXXV251.us@HD,grabber-raw-guide.xml.gz,
KZTV101.us@HD,KZTV101.us@HD,grabber-raw-guide.xml.gz,
Laff.us@SD,Laff.us@SD,grabber-raw-guide.xml.gz,
LATV.us@SD,LATV.us@SD,grabber-raw-guide.xml.gz,
LawCrime.us@SD,LawCrime.us@SD,grabber-raw-guide.xml.gz,
LEGOKidsTV.us@SD,LEGOKidsTV.us@SD,grabber-raw-guide.xml.gz,
Lifetime.us@East,Lifetime.us@East,grabber-raw-guide.xml.gz,
LifetimeMovies.us@East,LifetimeMovies.us@East,grabber-raw-guide.xml.gz,
LittleStarsUniverse.us@SD,LittleStarsUniverse.us@SD,grabber-raw-guide.xml.gz,
LiveNOWfromFOX.us@SD,LiveNOWfromFOX.us@SD,grabber-raw-guide.xml.gz,
Localish.us@SD,Localish.us@SD,grabber-raw-guide.xml.gz,
Logo.us@East,Logo.us@East,grabber-raw-guide.xml.gz,
LogoPlutoTV.us@SD,LogoPlutoTV.us@SD,grabber-raw-guide.xml.gz,
LoneStar.us@SD,LoneStar.us@SD,grabber-raw-guide.xml.gz,
LoveHipHop.us@SD,LoveHipHop.us@SD,grabber-raw-guide.xml.gz,
LoveNatureenEspanol.us@SD,LoveNatureenEspanol.us@SD,grabber-raw-guide.xml.gz,
LovePets.ca@US,LovePets.ca@US,grabber-raw-guide.xml.gz,
LoveThePlanet.es@EN,LoveThePlanet.es@EN,grabber-raw-guide.xml.gz,
LuckyDog.us@SD,LuckyDog.us@SD,grabber-raw-guide.xml.gz,
MadeInHollywood.us@SD,MadeInHollywood.us@SD,grabber-raw-guide.xml.gz,
MagellanTVNow.us@SD,MagellanTVNow.us@SD,grabber-raw-guide.xml.gz,
Matlock.us@SD,Matlock.us@SD,grabber-raw-guide.xml.gz,
MaverickBlackCinema.us@SD,MaverickBlackCinema.us@SD,grabber-raw-guide.xml.gz,
MeTV.us@SD,MeTV.us@SD,grabber-raw-guide.xml.gz,
MGMPlusDriveIn.us@SD,MGMPlusDriveIn.us@SD,grabber-raw-guide.xml.gz,
MGMPlusMarquee.us@SD,MGMPlusMarquee.us@SD,grabber-raw-guide.xml.gz,
MidnightPulp.us@SD,MidnightPulp.us@SD,grabber-raw-guide.xml.gz,
MidsomerMurders.us@SD,MidsomerMurders.us@SD,grabber-raw-guide.xml.gz,
MissionImpossible.us@SD,MissionImpossible.us@SD,grabber-raw-guide.xml.gz,
Misteriossinresolver.us@SD,Misteriossinresolver.us@SD,grabber-raw-guide.xml.gz,
MLB.us@SD,MLB.us@SD,grabber-raw-guide.xml.gz,
MLBNetwork.us@SD,MLBNetwork.us@SD,grabber-raw-guide.xml.gz,
MoreTVDrama.us@SD,MoreTVDrama.us@SD,grabber-raw-guide.xml.gz,
MoreTVSitcoms.us@SD,MoreTVSitcoms.us@SD,grabber-raw-guide.xml.gz,
MovieSphere.us@US,MovieSphere.us@US,grabber-raw-guide.xml.gz,
MrBeanAnimated.uk@English,MrBeanAnimated.uk@English,grabber-raw-guide.xml.gz,
MSG.us@SD,MSG.us@SD,grabber-raw-guide.xml.gz,
MSG2.us@SD,MSG2.us@SD,grabber-raw-guide.xml.gz,
MSGPlus.us@SD,MSGPlus.us@SD,grabber-raw-guide.xml.gz,
MSNOW.us@SD,MSNOW.us@SD,grabber-raw-guide.xml.gz,
MST3K.us@US,MST3K.us@US,grabber-raw-guide.xml.gz,
MTV.us@East,MTV.us@East,grabber-raw-guide.xml.gz,
MTV2.us@East,MTV2.us@East,grabber-raw-guide.xml.gz,
MTVBiggestPop.us@US,MTVBiggestPop.us@US,grabber-raw-guide.xml.gz,
MTVClassic.us@East,MTVClassic.us@East,grabber-raw-guide.xml.gz,
MTVenEspanol.us@SD,MTVenEspanol.us@SD,grabber-raw-guide.xml.gz,
MTVLive.us@SD,MTVLive.us@SD,grabber-raw-guide.xml.gz,
MTVPlutoTV.us@US,MTVPlutoTV.us@US,grabber-raw-guide.xml.gz,
MTVSpankinNew.us@US,MTVSpankinNew.us@US,grabber-raw-guide.xml.gz,
MTVU.us@SD,MTVU.us@SD,grabber-raw-guide.xml.gz,
MyTimeMovieNetworkEast.us@SD,MyTimeMovieNetworkEast.us@SD,grabber-raw-guide.xml.gz,
Naruto.us@US,Naruto.us@US,grabber-raw-guide.xml.gz,
NashBridges.us@SD,NashBridges.us@SD,grabber-raw-guide.xml.gz,
NationalGeographic.us@West,NationalGeographic.us@East,grabber-raw-guide.xml.gz,
NationalGeographicWild.us@East,NationalGeographicWild.us@East,grabber-raw-guide.xml.gz,
NBATV.us@SD,NBATV.us@SD,grabber-raw-guide.xml.gz,
NBC.us@East,NBC.us@East,grabber-raw-guide.xml.gz,
NBCComedyVault.us@SD,NBCComedyVault.us@SD,grabber-raw-guide.xml.gz,
NBCLX.us@SD,NBCLX.us@SD,grabber-raw-guide.xml.gz,
NBCNewsNOW.us@SD,NBCNewsNOW.us@SD,grabber-raw-guide.xml.gz,
NBCSportsNOW.us@SD,NBCSportsNOW.us@SD,grabber-raw-guide.xml.gz,
NBCUniverso.us@East,NBCUniverso.us@East,grabber-raw-guide.xml.gz,
NEWKMOVIES.us@SD,NEWKMOVIES.us@SD,grabber-raw-guide.xml.gz,
NEWKPOP.us@SD,NEWKPOP.us@SD,grabber-raw-guide.xml.gz,
News12NewYork.us@SD,News12NewYork.us@SD,grabber-raw-guide.xml.gz,
Newsmax2.us@SD,Newsmax2.us@SD,grabber-raw-guide.xml.gz,
NewsmaxTV.us@SD,NewsmaxTV.us@SD,grabber-raw-guide.xml.gz,
NewsNation.us@SD,NewsNation.us@SD,grabber-raw-guide.xml.gz,
Newsy.us@SD,Newsy.us@SD,grabber-raw-guide.xml.gz,
NFLChannel.us@SD,NFLChannel.us@SD,grabber-raw-guide.xml.gz,
NFLNetwork.us@SD,NFLNetwork.us@SD,grabber-raw-guide.xml.gz,
NHLNetwork.us@SD,NHLNetwork.us@SD,grabber-raw-guide.xml.gz,
NHRATV.us@SD,NHRATV.us@SD,grabber-raw-guide.xml.gz,
Nickelodeon.us@East,Nickelodeon.us@East,grabber-raw-guide.xml.gz,
Nickelodeon.us@West,Nickelodeon.us@West,grabber-raw-guide.xml.gz,
NickelodeonPlutoTV.us@SD,NickelodeonPlutoTV.us@SD,grabber-raw-guide.xml.gz,
NickJr.us@East,NickJr.us@East,grabber-raw-guide.xml.gz,
NickJrPlutoTV.us@US,NickJrPlutoTV.us@US,grabber-raw-guide.xml.gz,
Nicktoons.us@East,Nicktoons.us@East,grabber-raw-guide.xml.gz,
NinjaKidzTV.us@SD,NinjaKidzTV.us@SD,grabber-raw-guide.xml.gz,
Nosey.us@US,Nosey.us@US,grabber-raw-guide.xml.gz,
Novelisima.us@SD,Novelisima.us@SD,grabber-raw-guide.xml.gz,
OANPlus.us@SD,OANPlus.us@SD,grabber-raw-guide.xml.gz,
OneAmericaNewsNetwork.us@SD,OneAmericaNewsNetwork.us@SD,grabber-raw-guide.xml.gz,
OnePiece.us@US,OnePiece.us@US,grabber-raw-guide.xml.gz,
OnTV4U.us@SD,OnTV4U.us@SD,grabber-raw-guide.xml.gz,
OutdoorChannel.us@HD,OutdoorChannel.us@HD,grabber-raw-guide.xml.gz,
OutdoorChannel.us@SD,OutdoorChannel.us@SD,grabber-raw-guide.xml.gz,
OuterSphere.us@SD,OuterSphere.us@SD,grabber-raw-guide.xml.gz,
OutsideTV.us@SD,OutsideTV.us@SD,grabber-raw-guide.xml.gz,
Ovation.us@SD,Ovation.us@SD,grabber-raw-guide.xml.gz,
Overtime.us@SD,Overtime.us@SD,grabber-raw-guide.xml.gz,
Oxygen.us@East,Oxygen.us@East,grabber-raw-guide.xml.gz,
Pac12Insider.us@SD,Pac12Insider.us@SD,grabber-raw-guide.xml.gz,
ParamountMovieChannel.us@SD,ParamountMovieChannel.us@SD,grabber-raw-guide.xml.gz,
ParamountNetwork.us@East,ParamountNetwork.us@East,grabber-raw-guide.xml.gz,
ParamountPlusPicks.us@SD,ParamountPlusPicks.us@SD,grabber-raw-guide.xml.gz,
Pasiones.us@SD,Pasiones.us@SD,grabber-raw-guide.xml.gz,
PBRRidePass.us@SD,PBRRidePass.us@SD,grabber-raw-guide.xml.gz,
PBS.us@East,PBS.us@East,grabber-raw-guide.xml.gz,
PBSAntiquesRoadshow.us@SD,PBSAntiquesRoadshow.us@SD,grabber-raw-guide.xml.gz,
PBSKids.us@SD,PBSKids.us@SD,grabber-raw-guide.xml.gz,
PBSNature.us@SD,PBSNature.us@SD,grabber-raw-guide.xml.gz,
PBSRetro.us@SD,PBSRetro.us@SD,grabber-raw-guide.xml.gz,
PBSTravel.us@SD,PBSTravel.us@SD,grabber-raw-guide.xml.gz,
PeopleAreAwesome.us@SD,PeopleAreAwesome.us@SD,grabber-raw-guide.xml.gz,
PerryMason.us@SD,PerryMason.us@SD,grabber-raw-guide.xml.gz,
PGATour.us@SD,PGATour.us@SD,grabber-raw-guide.xml.gz,
PlutoTVAction.us@US,PlutoTVAction.us@US,grabber-raw-guide.xml.gz,
PlutoTVAdventure.us@US,PlutoTVAdventure.us@US,grabber-raw-guide.xml.gz,
PlutoTVAnime.us@US,PlutoTVAnime.us@US,grabber-raw-guide.xml.gz,
PlutoTVAnimeMovies.us@SD,PlutoTVAnimeMovies.us@SD,grabber-raw-guide.xml.gz,
PlutoTVBackcountry.us@SD,PlutoTVBackcountry.us@SD,grabber-raw-guide.xml.gz,
PlutoTVCars.us@SD,PlutoTVCars.us@SD,grabber-raw-guide.xml.gz,
PlutoTVCineComedia.us@US,PlutoTVCineComedia.us@US,grabber-raw-guide.xml.gz,
PlutoTVComedy.us@US,PlutoTVComedy.us@US,grabber-raw-guide.xml.gz,
PlutoTVCompetition.us@SD,PlutoTVCompetition.us@SD,grabber-raw-guide.xml.gz,
PlutoTVCrimeDrama.us@SD,PlutoTVCrimeDrama.us@SD,grabber-raw-guide.xml.gz,
PlutoTVCrimeMovies.us@SD,PlutoTVCrimeMovies.us@SD,grabber-raw-guide.xml.gz,
PlutoTVCultFilms.us@US,PlutoTVCultFilms.us@US,grabber-raw-guide.xml.gz,
PlutoTVDrama.us@US,PlutoTVDrama.us@US,grabber-raw-guide.xml.gz,
PlutoTVElReinoInfantil.us@SD,PlutoTVElReinoInfantil.us@SD,grabber-raw-guide.xml.gz,
PlutoTVFantastic.us@SD,PlutoTVFantastic.us@SD,grabber-raw-guide.xml.gz,
PlutoTVGameShows.us@SD,PlutoTVGameShows.us@SD,grabber-raw-guide.xml.gz,
PlutoTVHistory.us@US,PlutoTVHistory.us@US,grabber-raw-guide.xml.gz,
PlutoTVHometownDrama.us@SD,PlutoTVHometownDrama.us@SD,grabber-raw-guide.xml.gz,
PlutoTVHorror.us@US,PlutoTVHorror.us@US,grabber-raw-guide.xml.gz,
PlutoTVIcons.us@SD,PlutoTVIcons.us@SD,grabber-raw-guide.xml.gz,
PlutoTVLives.us@US,PlutoTVLives.us@US,grabber-raw-guide.xml.gz,
PlutoTVMilitary.us@SD,PlutoTVMilitary.us@SD,grabber-raw-guide.xml.gz,
PlutoTVNovelas.us@US,PlutoTVNovelas.us@US,grabber-raw-guide.xml.gz,
PlutoTVParanormal.us@US,PlutoTVParanormal.us@US,grabber-raw-guide.xml.gz,
PlutoTVPokemon.us@US,PlutoTVPokemon.us@US,grabber-raw-guide.xml.gz,
PlutoTVReaction.us@SD,PlutoTVReaction.us@SD,grabber-raw-guide.xml.gz,
PlutoTVReality.us@US,PlutoTVReality.us@US,grabber-raw-guide.xml.gz,
PlutoTVRomance.us@US,PlutoTVRomance.us@US,grabber-raw-guide.xml.gz,
PlutoTVScience.us@US,PlutoTVScience.us@US,grabber-raw-guide.xml.gz,
PlutoTVSciFi.us@US,PlutoTVSciFi.us@US,grabber-raw-guide.xml.gz,
PlutoTVSpotlight.us@SD,PlutoTVSpotlight.us@SD,grabber-raw-guide.xml.gz,
PlutoTVStaffPicks.us@SD,PlutoTVStaffPicks.us@SD,grabber-raw-guide.xml.gz,
PlutoTVTerror.us@SD,PlutoTVTerror.us@SD,grabber-raw-guide.xml.gz,
PlutoTVTheTwilightZone.us@SD,PlutoTVTheTwilightZone.us@SD,grabber-raw-guide.xml.gz,
PlutoTVThrillers.us@US,PlutoTVThrillers.us@US,grabber-raw-guide.xml.gz,
PlutoTVTrendingNow.us@SD,PlutoTVTrendingNow.us@SD,grabber-raw-guide.xml.gz,
PlutoTVTrueCrime.us@US,PlutoTVTrueCrime.us@US,grabber-raw-guide.xml.gz,
PlutoTVWesterns.us@US,PlutoTVWesterns.us@US,grabber-raw-guide.xml.gz,
PokerGo.us@US,PokerGo.us@US,grabber-raw-guide.xml.gz,
Portlandia.us@SD,Portlandia.us@SD,grabber-raw-guide.xml.gz,
PositivTV.us@SD,PositivTV.us@SD,grabber-raw-guide.xml.gz,
PowerNationTV.us@SD,PowerNationTV.us@SD,grabber-raw-guide.xml.gz,
PursuitUP.us@SD,PursuitUP.us@SD,grabber-raw-guide.xml.gz,
QVC.us@SD,QVC.us@SD,grabber-raw-guide.xml.gz,
QVC2.us@SD,QVC2.us@SD,grabber-raw-guide.xml.gz,
RainbowRuby.us@SD,RainbowRuby.us@SD,grabber-raw-guide.xml.gz,
RealAmericasVoice.us@SD,RealAmericasVoice.us@SD,grabber-raw-guide.xml.gz,
RealWild.uk@SD,RealWild.uk@SD,grabber-raw-guide.xml.gz,
RedBullTV.at@US,RedBullTV.at@US,grabber-raw-guide.xml.gz,
Reelz.us@SD,Reelz.us@SD,grabber-raw-guide.xml.gz,
RetroCrush.us@SD,RetroCrush.us@SD,grabber-raw-guide.xml.gz,
RevandRoll.us@SD,RevandRoll.us@SD,grabber-raw-guide.xml.gz,
Revolt.us@SD,Revolt.us@SD,grabber-raw-guide.xml.gz,
Revry.us@SD,Revry.us@SD,grabber-raw-guide.xml.gz,
RevryHer.us@SD,RevryHer.us@SD,grabber-raw-guide.xml.gz,
RevryLatinX.us@SD,RevryLatinX.us@SD,grabber-raw-guide.xml.gz,
RiffTrax.us@US,RiffTrax.us@US,grabber-raw-guide.xml.gz,
Runtime.us@SD,Runtime.us@SD,grabber-raw-guide.xml.gz,
RuntimeEspanol.us@SD,RuntimeEspanol.us@SD,grabber-raw-guide.xml.gz,
RVTV.us@HD,RVTV.us@HD,grabber-raw-guide.xml.gz,
RyanandFriends.us@SD,RyanandFriends.us@SD,grabber-raw-guide.xml.gz,
SamsungWildlife.us@SD,SamsungWildlife.us@SD,grabber-raw-guide.xml.gz,
SchwabNetwork.us@SD,SchwabNetwork.us@SD,grabber-raw-guide.xml.gz,
ScrippsNews.us@SD,ScrippsNews.us@SD,grabber-raw-guide.xml.gz,
SECNetwork.us@SD,SECNetwork.us@SD,grabber-raw-guide.xml.gz,
SemillitasTV.us@SD,SemillitasTV.us@SD,grabber-raw-guide.xml.gz,
ShemarooBollywood.us@SD,ShemarooBollywood.us@SD,grabber-raw-guide.xml.gz,
ShopLC.us@SD,ShopLC.us@SD,grabber-raw-guide.xml.gz,
Showtime.us@East,Showtime.us@East,grabber-raw-guide.xml.gz,
Showtime2.us@East,Showtime2.us@East,grabber-raw-guide.xml.gz,
ShowtimeExtreme.us@East,ShowtimeExtreme.us@East,grabber-raw-guide.xml.gz,
ShowtimeFamilyZone.us@East,ShowtimeFamilyZone.us@East,grabber-raw-guide.xml.gz,
ShowtimeNext.us@East,ShowtimeNext.us@East,grabber-raw-guide.xml.gz,
SlopesTV.us@SD,SlopesTV.us@SD,grabber-raw-guide.xml.gz,
SmithsonianChannel.us@East,SmithsonianChannel.us@East,grabber-raw-guide.xml.gz,
SmithsonianChannelSelects.us@SD,SmithsonianChannelSelects.us@SD,grabber-raw-guide.xml.gz,
SNLVault.us@SD,SNLVault.us@SD,grabber-raw-guide.xml.gz,
SonicTV.us@SD,SonicTV.us@SD,grabber-raw-guide.xml.gz,
SonyCanalNovelas.us@SD,SonyCanalNovelas.us@SD,grabber-raw-guide.xml.gz,
SoReal.us@US,SoReal.us@US,grabber-raw-guide.xml.gz,
SPEEDVISION.us@SD,SPEEDVISION.us@SD,grabber-raw-guide.xml.gz,
SpikeOutdoors.us@SD,SpikeOutdoors.us@SD,grabber-raw-guide.xml.gz,
SpikePlutoTV.us@SD,SpikePlutoTV.us@SD,grabber-raw-guide.xml.gz,
SportsGrid.us@SD,SportsGrid.us@SD,grabber-raw-guide.xml.gz,
Stadium.us@SD,Stadium.us@SD,grabber-raw-guide.xml.gz,
StarTrek.us@US,StarTrek.us@US,grabber-raw-guide.xml.gz,
Starz.us@East,Starz.us@East,grabber-raw-guide.xml.gz,
Starz.us@West,Starz.us@West,grabber-raw-guide.xml.gz,
StarzCinema.us@East,StarzCinema.us@East,grabber-raw-guide.xml.gz,
StarzComedy.us@East,StarzComedy.us@East,grabber-raw-guide.xml.gz,
StarzEdge.us@East,StarzEdge.us@East,grabber-raw-guide.xml.gz,
StarzEncore.us@East,StarzEncore.us@East,grabber-raw-guide.xml.gz,
StarzKidsFamily.us@East,StarzKidsFamily.us@East,grabber-raw-guide.xml.gz,
StingrayGreatestHolidayHits.us@SD,StingrayGreatestHolidayHits.us@SD,grabber-raw-guide.xml.gz,
StoriesbyAMC.us@SD,StoriesbyAMC.us@SD,grabber-raw-guide.xml.gz,
SundanceTV.us@East,SundanceTV.us@East,grabber-raw-guide.xml.gz,
SuperSimpleSongs.us@SD,SuperSimpleSongs.us@SD,grabber-raw-guide.xml.gz,
Survivor.us@SD,Survivor.us@SD,grabber-raw-guide.xml.gz,
SwerveSports.us@SD,SwerveSports.us@SD,grabber-raw-guide.xml.gz,
SYFY.us@East,SYFY.us@East,grabber-raw-guide.xml.gz,
SYFY.us@West,SYFY.us@West,grabber-raw-guide.xml.gz,
Tastemade.us@US,Tastemade.us@US,grabber-raw-guide.xml.gz,
TastemadeTravel.us@SD,TastemadeTravel.us@SD,grabber-raw-guide.xml.gz,
TBN.us@East,TBN.us@East,grabber-raw-guide.xml.gz,
TED.us@SD,TED.us@SD,grabber-raw-guide.xml.gz,
TeenMom.us@SD,TeenMom.us@SD,grabber-raw-guide.xml.gz,
TeenNick.us@East,TeenNick.us@East,grabber-raw-guide.xml.gz,
Telemundo.us@West,Telemundo.us@East,grabber-raw-guide.xml.gz,
TelemundoAlDia.us@HD,TelemundoAlDia.us@HD,grabber-raw-guide.xml.gz,
TelemundoTelenovelasClasicas.us@SD,TelemundoTelenovelasClasicas.us@SD,grabber-raw-guide.xml.gz,
TennisChannel.us@Plus2,TennisChannel.us@Plus2,grabber-raw-guide.xml.gz,
TennisChannel.us@SD,TennisChannel.us@SD,grabber-raw-guide.xml.gz,
TerraMaterWILD.de@English,TerraMaterWILD.de@English,grabber-raw-guide.xml.gz,
TGJunior.us@SD,TGJunior.us@SD,grabber-raw-guide.xml.gz,
TheAddamsFamily.us@SD,TheAddamsFamily.us@SD,grabber-raw-guide.xml.gz,
TheAmazingRace.us@SD,TheAmazingRace.us@SD,grabber-raw-guide.xml.gz,
TheAndyGriffithShow.us@SD,TheAndyGriffithShow.us@SD,grabber-raw-guide.xml.gz,
TheAsylum.us@US,TheAsylum.us@US,grabber-raw-guide.xml.gz,
TheBobRossChannel.us@SD,TheBobRossChannel.us@SD,grabber-raw-guide.xml.gz,
TheCarolBurnettShow.us@SD,TheCarolBurnettShow.us@SD,grabber-raw-guide.xml.gz,
TheChallenge.us@SD,TheChallenge.us@SD,grabber-raw-guide.xml.gz,
TheConners.us@SD,TheConners.us@SD,grabber-raw-guide.xml.gz,
TheCowboyChannel.us@SD,TheCowboyChannel.us@SD,grabber-raw-guide.xml.gz,
TheDesignNetwork.us@SD,TheDesignNetwork.us@SD,grabber-raw-guide.xml.gz,
TheFirstTV.us@SD,TheFirstTV.us@SD,grabber-raw-guide.xml.gz,
TheGrahamNortonShow.uk@SD,TheGrahamNortonShow.uk@SD,grabber-raw-guide.xml.gz,
TheHillTV.us@SD,TheHillTV.us@SD,grabber-raw-guide.xml.gz,
TheJamieOliverChannel.us@SD,TheJamieOliverChannel.us@SD,grabber-raw-guide.xml.gz,
TheJudgeJudyChannel.us@SD,TheJudgeJudyChannel.us@SD,grabber-raw-guide.xml.gz,
TheLoveBoat.us@SD,TheLoveBoat.us@SD,grabber-raw-guide.xml.gz,
TheNest.us@SD,TheNest.us@SD,grabber-raw-guide.xml.gz,
TheNewDetectives.us@US,TheNewDetectives.us@US,grabber-raw-guide.xml.gz,
ThePetCollective.us@US,ThePetCollective.us@US,grabber-raw-guide.xml.gz,
ThePriceIsRight.us@HD,ThePriceIsRight.us@HD,grabber-raw-guide.xml.gz,
ThePriceIsRightTheBarkerEra.us@SD,ThePriceIsRightTheBarkerEra.us@SD,grabber-raw-guide.xml.gz,
TheRifleman.us@SD,TheRifleman.us@SD,grabber-raw-guide.xml.gz,
TheWalkingDeadenEspanol.us@SD,TheWalkingDeadenEspanol.us@SD,grabber-raw-guide.xml.gz,
TheWalkingDeadUniverse.us@SD,TheWalkingDeadUniverse.us@SD,grabber-raw-guide.xml.gz,
ThisOldHouse.us@SD,ThisOldHouse.us@SD,grabber-raw-guide.xml.gz,
ThreesCompany.us@SD,ThreesCompany.us@SD,grabber-raw-guide.xml.gz,
TinyHouseNation.us@SD,TinyHouseNation.us@SD,grabber-raw-guide.xml.gz,
TMZ.us@SD,TMZ.us@SD,grabber-raw-guide.xml.gz,
TODAYAllDay.us@SD,TODAYAllDay.us@SD,grabber-raw-guide.xml.gz,
ToonGoggles.us@SD,ToonGoggles.us@SD,grabber-raw-guide.xml.gz,
Tosh0.us@SD,Tosh0.us@SD,grabber-raw-guide.xml.gz,
TotallyTurtles.us@US,TotallyTurtles.us@US,grabber-raw-guide.xml.gz,
TribecaChannel.us@SD,TribecaChannel.us@SD,grabber-raw-guide.xml.gz,
TrueCrimeNow.us@SD,TrueCrimeNow.us@SD,grabber-raw-guide.xml.gz,
TrueHistory.us@SD,TrueHistory.us@SD,grabber-raw-guide.xml.gz,
TUDN.us@SD,TUDN.us@SD,grabber-raw-guide.xml.gz,
TVEInternacionalAmerica.es@HD,TVEInternacionalAmerica.es@SD,grabber-raw-guide.xml.gz,
TVLand.us@East,TVLand.us@East,grabber-raw-guide.xml.gz,
TVLandDrama.us@SD,TVLandDrama.us@SD,grabber-raw-guide.xml.gz,
TVLandSitcoms.us@SD,TVLandSitcoms.us@SD,grabber-raw-guide.xml.gz,
TVOne.us@SD,TVOne.us@SD,grabber-raw-guide.xml.gz,
TVSBoxing.us@SD,TVSBoxing.us@SD,grabber-raw-guide.xml.gz,
TVSCipherNetwork.us@SD,TVSCipherNetwork.us@SD,grabber-raw-guide.xml.gz,
TVSClassicMovies.us@SD,TVSClassicMovies.us@SD,grabber-raw-guide.xml.gz,
TVSClassicSports.us@SD,TVSClassicSports.us@SD,grabber-raw-guide.xml.gz,
TVSComedyNetwork.us@SD,TVSComedyNetwork.us@SD,grabber-raw-guide.xml.gz,
TVSDriveInMovie.us@SD,TVSDriveInMovie.us@SD,grabber-raw-guide.xml.gz,
TVSFilmNoirNetwork.us@SD,TVSFilmNoirNetwork.us@SD,grabber-raw-guide.xml.gz,
TVSHiTops.us@SD,TVSHiTops.us@SD,grabber-raw-guide.xml.gz,
TVSHollywoodHistory.us@SD,TVSHollywoodHistory.us@SD,grabber-raw-guide.xml.gz,
TVSMainstreet.us@SD,TVSMainstreet.us@SD,grabber-raw-guide.xml.gz,
TVSNostalgia.us@SD,TVSNostalgia.us@SD,grabber-raw-guide.xml.gz,
TVSNostalgiaMovies.us@SD,TVSNostalgiaMovies.us@SD,grabber-raw-guide.xml.gz,
TVSPinballNetwork.us@SD,TVSPinballNetwork.us@SD,grabber-raw-guide.xml.gz,
TVSQuizShowNetwork.us@SD,TVSQuizShowNetwork.us@SD,grabber-raw-guide.xml.gz,
TVSSelectNetwork.us@SD,TVSSelectNetwork.us@SD,grabber-raw-guide.xml.gz,
TVSTallyHo.us@SD,TVSTallyHo.us@SD,grabber-raw-guide.xml.gz,
TVSTavern.us@SD,TVSTavern.us@SD,grabber-raw-guide.xml.gz,
TVSTurbo.us@SD,TVSTurbo.us@SD,grabber-raw-guide.xml.gz,
TVSWesternMovie.us@SD,TVSWesternMovie.us@SD,grabber-raw-guide.xml.gz,
TVSWomenSports.us@SD,TVSWomenSports.us@SD,grabber-raw-guide.xml.gz,
Unbeaten.us@SD,Unbeaten.us@SD,grabber-raw-guide.xml.gz,
Unidentified.us@SD,Unidentified.us@SD,grabber-raw-guide.xml.gz,
UniMas.us@East,UniMas.us@East,grabber-raw-guide.xml.gz,
UniMas.us@West,UniMas.us@West,grabber-raw-guide.xml.gz,
UniversalCinema.us@SD,UniversalCinema.us@SD,grabber-raw-guide.xml.gz,
UniversalComedy.us@SD,UniversalComedy.us@SD,grabber-raw-guide.xml.gz,
UniversalCrime.us@East,UniversalCrime.us@East,grabber-raw-guide.xml.gz,
Univision.us@East,Univision.us@East,grabber-raw-guide.xml.gz,
Univision.us@West,Univision.us@West,grabber-raw-guide.xml.gz,
UnivisionTlnovelas.us@SD,UnivisionTlnovelas.us@SD,grabber-raw-guide.xml.gz,
UnsolvedMysteries.us@US,UnsolvedMysteries.us@US,grabber-raw-guide.xml.gz,
UpTV.us@SD,UpTV.us@SD,grabber-raw-guide.xml.gz,
USANetwork.us@West,USANetwork.us@East,grabber-raw-guide.xml.gz,
USATODAY.us@SD,USATODAY.us@SD,grabber-raw-guide.xml.gz,
VenevisionInternacional.ve@SD,VenevisionInternacional.ve@SD,grabber-raw-guide.xml.gz,
Vevo2K.us@SD,Vevo2K.us@SD,grabber-raw-guide.xml.gz,
Vevo70s.us@SD,Vevo70s.us@SD,grabber-raw-guide.xml.gz,
Vevo80s.us@SD,Vevo80s.us@SD,grabber-raw-guide.xml.gz,
Vevo90s.us@SD,Vevo90s.us@SD,grabber-raw-guide.xml.gz,
VevoCountry.us@SD,VevoCountry.us@SD,grabber-raw-guide.xml.gz,
VevoHipHop.us@SD,VevoHipHop.us@SD,grabber-raw-guide.xml.gz,
VevoLatino.us@SD,VevoLatino.us@SD,grabber-raw-guide.xml.gz,
VevoPop.us@SD,VevoPop.us@SD,grabber-raw-guide.xml.gz,
VevoRB.us@SD,VevoRB.us@SD,grabber-raw-guide.xml.gz,
VevoRetroRock.us@SD,VevoRetroRock.us@SD,grabber-raw-guide.xml.gz,
VevoTrueSchoolHipHop.us@SD,VevoTrueSchoolHipHop.us@SD,grabber-raw-guide.xml.gz,
VH1.us@East,VH1.us@East,grabber-raw-guide.xml.gz,
VICETV.us@SD,VICETV.us@SD,grabber-raw-guide.xml.gz,
WantedDeadorAlive.us@SD,WantedDeadorAlive.us@SD,grabber-raw-guide.xml.gz,
WatchitKID.us@SD,WatchitKID.us@SD,grabber-raw-guide.xml.gz,
WatchitScream.us@SD,WatchitScream.us@SD,grabber-raw-guide.xml.gz,
WaypointTV.us@SD,WaypointTV.us@SD,grabber-raw-guide.xml.gz,
WBALTV111.us@HD,WBALTV111.us@HD,grabber-raw-guide.xml.gz,
WBBJTV71.us@HD,WBBJTV71.us@HD,grabber-raw-guide.xml.gz,
WBFF451.us@HD,WBFF451.us@HD,grabber-raw-guide.xml.gz,
WBRZTV21.us@HD,WBRZTV21.us@HD,grabber-raw-guide.xml.gz,
WBTV641.us@HD,WBTV641.us@HD,grabber-raw-guide.xml.gz,
WCAU621.us@HD,WCAU621.us@HD,grabber-raw-guide.xml.gz,
WCBITV41.us@HD,WCBITV41.us@HD,grabber-raw-guide.xml.gz,
WCBSTV21.us@HD,WCBSTV21.us@HD,grabber-raw-guide.xml.gz,
WCVBTV501.us@SD,WCVBTV501.us@SD,grabber-raw-guide.xml.gz,
WDEFTV121.us@HD,WDEFTV121.us@HD,grabber-raw-guide.xml.gz,
WDIODT101.us@HD,WDIODT101.us@HD,grabber-raw-guide.xml.gz,
WeatherNation.us@SD,WeatherNation.us@SD,grabber-raw-guide.xml.gz,
WeatherSpy.us@SD,WeatherSpy.us@SD,grabber-raw-guide.xml.gz,
WeedsNurseJackie.us@SD,WeedsNurseJackie.us@SD,grabber-raw-guide.xml.gz,
WesternTV.us@SD,WesternTV.us@SD,grabber-raw-guide.xml.gz,
WeTV.us@East,WeTV.us@East,grabber-raw-guide.xml.gz,
WFLD501.us@HD,WFLD501.us@HD,grabber-raw-guide.xml.gz,
WFTV91.us@HD,WFTV91.us@HD,grabber-raw-guide.xml.gz,
WFTXTV361.us@HD,WFTXTV361.us@HD,grabber-raw-guide.xml.gz,
WFUTDT681.us@HD,WFUTDT681.us@HD,grabber-raw-guide.xml.gz,
WFXT251.us@HD,WFXT251.us@HD,grabber-raw-guide.xml.gz,
WGAL81.us@HD,WGAL81.us@HD,grabber-raw-guide.xml.gz,
WGBATV261.us@HD,WGBATV261.us@HD,grabber-raw-guide.xml.gz,
WHBQTV131.us@HD,WHBQTV131.us@HD,grabber-raw-guide.xml.gz,
WHECTV101.us@HD,WHECTV101.us@HD,grabber-raw-guide.xml.gz,
WHIOTV71.us@HD,WHIOTV71.us@HD,grabber-raw-guide.xml.gz,
WHPDT1.us@SD,WHPDT1.us@SD,grabber-raw-guide.xml.gz,
WildNOut.us@SD,WildNOut.us@SD,grabber-raw-guide.xml.gz,
WillowSports.us@SD,WillowSports.us@SD,grabber-raw-guide.xml.gz,
WineWatchesWhiskey.us@HD,WineWatchesWhiskey.us@HD,grabber-raw-guide.xml.gz,
WipeoutXtra.us@SD,WipeoutXtra.us@SD,grabber-raw-guide.xml.gz,
Wired2FishTV.us@SD,Wired2FishTV.us@SD,grabber-raw-guide.xml.gz,
WISNTV121.us@HD,WISNTV121.us@HD,grabber-raw-guide.xml.gz,
WITI61.us@HD,WITI61.us@HD,grabber-raw-guide.xml.gz,
WJACTV61.us@HD,WJACTV61.us@HD,grabber-raw-guide.xml.gz,
WJAR101.us@HD,WJAR101.us@HD,grabber-raw-guide.xml.gz,
WJAXTV471.us@HD,WJAXTV471.us@HD,grabber-raw-guide.xml.gz,
WJBK21.us@HD,WJBK21.us@HD,grabber-raw-guide.xml.gz,
WJLATV71.us@HD,WJLATV71.us@HD,grabber-raw-guide.xml.gz,
WKEF451.us@SD,WKEF451.us@SD,grabber-raw-guide.xml.gz,
WKRCTV121.us@HD,WKRCTV121.us@HD,grabber-raw-guide.xml.gz,
WLIO81.us@HD,WLIO81.us@HD,grabber-raw-guide.xml.gz,
WLOS131.us@HD,WLOS131.us@HD,grabber-raw-guide.xml.gz,
WLTVDT231.us@HD,WLTVDT231.us@HD,grabber-raw-guide.xml.gz,
WLUKTV141.us@HD,WLUKTV141.us@HD,grabber-raw-guide.xml.gz,
WMAQTV51.us@HD,WMAQTV51.us@HD,grabber-raw-guide.xml.gz,
WMARTV21.us@HD,WMARTV21.us@HD,grabber-raw-guide.xml.gz,
WMGTTV411.us@HD,WMGTTV411.us@HD,grabber-raw-guide.xml.gz,
WMURTV91.us@HD,WMURTV91.us@HD,grabber-raw-guide.xml.gz,
WNBC471.us@HD,WNBC471.us@HD,grabber-raw-guide.xml.gz,
WNJT521.us@HD,WNJT521.us@HD,grabber-raw-guide.xml.gz,
WNYT131.us@HD,WNYT131.us@HD,grabber-raw-guide.xml.gz,
WNYW51.us@HD,WNYW51.us@HD,grabber-raw-guide.xml.gz,
WOAITV41.us@HD,WOAITV41.us@HD,grabber-raw-guide.xml.gz,
WomensSportsNetwork.us@SD,WomensSportsNetwork.us@SD,grabber-raw-guide.xml.gz,
WorldChannel.us@SD,WorldChannel.us@SD,grabber-raw-guide.xml.gz,
WorldPokerTour.us@US,WorldPokerTour.us@US,grabber-raw-guide.xml.gz,
WPDETV151.us@HD,WPDETV151.us@HD,grabber-raw-guide.xml.gz,
WPEC121.us@HD,WPEC121.us@HD,grabber-raw-guide.xml.gz,
WPLG101.us@HD,WPLG101.us@HD,grabber-raw-guide.xml.gz,
WPTVTV51.us@HD,WPTVTV51.us@HD,grabber-raw-guide.xml.gz,
WPXI111.us@HD,WPXI111.us@HD,grabber-raw-guide.xml.gz,
WRCDT1.us@SD,WRCDT1.us@SD,grabber-raw-guide.xml.gz,
WRDELD311.us@HD,WRDELD311.us@HD,grabber-raw-guide.xml.gz,
WRTV61.us@HD,WRTV61.us@HD,grabber-raw-guide.xml.gz,
WSBDT1.us@SD,WSBDT1.us@SD,grabber-raw-guide.xml.gz,
WSBTTV281.us@SD,WSBTTV281.us@SD,grabber-raw-guide.xml.gz,
WSOCTV91.us@HD,WSOCTV91.us@HD,grabber-raw-guide.xml.gz,
WSYX61.us@HD,WSYX61.us@HD,grabber-raw-guide.xml.gz,
WTMJTV41.us@HD,WTMJTV41.us@HD,grabber-raw-guide.xml.gz,
WTNH81.us@HD,WTNH81.us@HD,grabber-raw-guide.xml.gz,
WTOVTV91.us@HD,WTOVTV91.us@HD,grabber-raw-guide.xml.gz,
WTTG51.us@HD,WTTG51.us@HD,grabber-raw-guide.xml.gz,
WTVJ61.us@HD,WTVJ61.us@HD,grabber-raw-guide.xml.gz,
WTVQDT361.us@HD,WTVQDT361.us@HD,grabber-raw-guide.xml.gz,
WTVRTV61.us@HD,WTVRTV61.us@HD,grabber-raw-guide.xml.gz,
WTVT131.us@HD,WTVT131.us@HD,grabber-raw-guide.xml.gz,
WTXFTV291.us@HD,WTXFTV291.us@HD,grabber-raw-guide.xml.gz,
WTXLTV271.us@HD,WTXLTV271.us@HD,grabber-raw-guide.xml.gz,
WuTangCollection.us@SD,WuTangCollection.us@SD,grabber-raw-guide.xml.gz,
WVIT301.us@HD,WVIT301.us@HD,grabber-raw-guide.xml.gz,
WWAY31.us@HD,WWAY31.us@HD,grabber-raw-guide.xml.gz,
WWMT31.us@HD,WWMT31.us@HD,grabber-raw-guide.xml.gz,
WWORTV91.us@HD,WWORTV91.us@HD,grabber-raw-guide.xml.gz,
WXIITV201.us@HD,WXIITV201.us@HD,grabber-raw-guide.xml.gz,
WXTVDT681.us@HD,WXTVDT681.us@HD,grabber-raw-guide.xml.gz,
WXXVTV251.us@HD,WXXVTV251.us@HD,grabber-raw-guide.xml.gz,
XFCTV.us@SD,XFCTV.us@SD,grabber-raw-guide.xml.gz,
XITE90sThrowback.us@SD,XITE90sThrowback.us@SD,grabber-raw-guide.xml.gz,
XITEClassicCountry.nl@SD,XITEClassicCountry.nl@SD,grabber-raw-guide.xml.gz,
XITEJustChill.nl@US,XITEJustChill.nl@US,grabber-raw-guide.xml.gz,
XITENuevoLatino.us@SD,XITENuevoLatino.us@SD,grabber-raw-guide.xml.gz,
XITEReggaeVibes.nl@HD,XITEReggaeVibes.nl@HD,grabber-raw-guide.xml.gz,
XITERockxMetal.nl@US,XITERockxMetal.nl@US,grabber-raw-guide.xml.gz,
XITESiempreLatino.us@SD,XITESiempreLatino.us@SD,grabber-raw-guide.xml.gz,
XploreTV.us@SD,XploreTV.us@SD,grabber-raw-guide.xml.gz,
YahooFinance.us@SD,YahooFinance.us@SD,grabber-raw-guide.xml.gz,
YesNetwork.us@SD,YesNetwork.us@SD,grabber-raw-guide.xml.gz,
YoMTV.us@SD,YoMTV.us@SD,grabber-raw-guide.xml.gz,
YuGiOh.us@SD,YuGiOh.us@SD,grabber-raw-guide.xml.gz,
YuGiOhenespanol.us@SD,YuGiOhenespanol.us@SD,grabber-raw-guide.xml.gz,
